{"ThreadsCount":[1,2,4,6,8,10],"Times":[2.3606499999999997,0.0968,0.045090000000000005,0.05543,0.022979999999999997,0.04628]}