{"ThreadsCount":[2,4,6,8,10],"Times":[2.4886399999999997,0.04904,0.05568000000000001,0.039060000000000004,0.02718]}